hypothesis_id,event_id,ticker,name,quarter,date,direction,chg_pct,trade_amount,trade_amount_eok,amount_tag,flow_category,flow_tags,dart_tag,window_category,window_types,leading_signal,followup,has_usable_followup,needs_external_review,external_review_trigger,market_regime,source_file,dominant_followup,dominant_rate,usable_event_count,company_count,d1_return,d3_return,d5_return,d10_return,action_hint,entry_mode,hold_days,fee_bps,status,skip_reason,side,entry_date,exit_date,entry_price,exit_price,raw_return_pct,score_return_pct
H04,001510_2021_Q2_2021-04-07_up,001510,SK증권,2021_Q2,2021-04-07,up,21.253985122210416,532575644102.0,5325.75644102,거래대금급증,외국인기관동반매도,외국인기관동반매도|개인매수,DART공시동반,직접반응,직접 반응형|선반영형|누적 배경형,있음,상승실패,True,True,B,유동성/저금리 후반장,SK증권\SK증권_2021_Q2_events.jsonl,상승실패,0.75,12,8,-2.19,-7.45,-7.89,-8.33,추격매수 회피 후보,next_open,20.0,15.0,ok,,avoid_long,2021-04-08,2021-05-07,2292.0,2022.0,-11.780104712041883,11.480104712041882
H04,034020_2021_Q2_2021-06-02_up,034020,두산에너빌리티,2021_Q2,2021-06-02,up,11.646207113629202,1444204713350.0,14442.0471335,거래대금급증,외국인기관동반매도,외국인기관동반매도|개인매수,DART공시동반,직접반응,직접 반응형|선반영형|누적 배경형,있음,상승지속,True,True,B,유동성/저금리 후반장,두산에너빌리티\두산에너빌리티_2021_Q2_events.jsonl,상승실패,0.75,12,8,3.18,45.13,18.37,10.89,추격매수 회피 후보,next_open,20.0,15.0,ok,,avoid_long,2021-06-03,2021-07-01,21765.0,23985.0,10.19986216402482,-10.49986216402482
H04,047040_2021_Q2_2021-06-02_up,047040,대우건설,2021_Q2,2021-06-02,up,6.22754491017965,249827256290.0,2498.2725629,거래대금급증,외국인기관동반매도,외국인기관동반매도|개인매수,DART공시동반,직접반응,직접 반응형|선반영형|누적 배경형,있음,상승유지,True,True,B,유동성/저금리 후반장,대우건설\대우건설_2021_Q2_events.jsonl,상승실패,0.75,12,8,0.56,1.35,0.79,-1.69,추격매수 회피 후보,next_open,20.0,15.0,ok,,avoid_long,2021-06-03,2021-07-01,8870.0,7880.0,-11.161217587373173,10.861217587373172
H04,034020_2021_Q2_2021-06-04_up,034020,두산에너빌리티,2021_Q2,2021-06-04,up,10.328809545495954,1184193888300.0,11841.938883,거래대금급증,외국인기관동반매도,외국인기관동반매도|개인매수,DART공시동반,직접반응,직접 반응형|선반영형|누적 배경형,있음,상승실패,True,True,B,유동성/저금리 후반장,두산에너빌리티\두산에너빌리티_2021_Q2_events.jsonl,상승실패,0.75,12,8,27.49,3.98,-5.38,0.6,추격매수 회피 후보,,,,skip,overlap_same_hypothesis_ticker,,,,,,,
H04,034020_2021_Q2_2021-06-07_up,034020,두산에너빌리티,2021_Q2,2021-06-07,up,27.49112523734832,2317903641100.0,23179.036411,거래대금급증,외국인기관동반매도,외국인기관동반매도|개인매수,DART공시동반,직접반응,직접 반응형|선반영형|누적 배경형,있음,상승실패,True,True,B,유동성/저금리 후반장,두산에너빌리티\두산에너빌리티_2021_Q2_events.jsonl,상승실패,0.75,12,8,-20.78,-26.88,-26.41,-19.37,추격매수 회피 후보,,,,skip,overlap_same_hypothesis_ticker,,,,,,,
H04,001440_2021_Q2_2021-06-22_up,001440,대한전선,2021_Q2,2021-06-22,up,15.765008760324672,1031539348720.0,10315.3934872,거래대금급증,외국인기관동반매도,외국인기관동반매도|개인매수,DART공시동반,직접반응,직접 반응형|선반영형|누적 배경형,있음,상승실패,True,True,B,유동성/저금리 후반장,대한전선\대한전선_2021_Q2_events.jsonl,상승실패,0.75,12,8,-14.42,-16.29,-18.29,,추격매수 회피 후보,next_open,20.0,15.0,ok,,avoid_long,2021-06-23,2021-07-21,32549.0,22780.0,-30.01321085133184,29.71321085133184
H04,047040_2021_Q2_2021-06-22_up,047040,대우건설,2021_Q2,2021-06-22,up,9.013398294762489,199890477100.0,1998.904771,거래대금급증,외국인기관동반매도,외국인기관동반매도|개인매수,DART공시동반,직접반응,직접 반응형|선반영형|누적 배경형,있음,상승실패,True,True,B,유동성/저금리 후반장,대우건설\대우건설_2021_Q2_events.jsonl,상승실패,0.75,12,8,-5.03,-3.24,-8.38,,추격매수 회피 후보,,,,skip,overlap_same_hypothesis_ticker,,,,,,,
H04,001440_2021_Q3_2021-08-05_up,001440,대한전선,2021_Q3,2021-08-05,up,9.441027012570212,444847993690.0,4448.4799369,거래대금급증,외국인기관동반매도,외국인기관동반매도|개인매수,DART공시동반,직접반응,직접 반응형|누적 배경형,있음,상승실패,True,True,B,유동성/저금리 후반장,대한전선\대한전선_2021_Q3_events.jsonl,상승실패,0.75,12,8,-3.52,-8.1,-5.81,-17.78,추격매수 회피 후보,next_open,20.0,15.0,ok,,avoid_long,2021-08-06,2021-09-06,24596.0,22564.0,-8.26150593592454,7.9615059359245395
H04,086520_2021_Q3_2021-08-09_up,086520,에코프로,2021_Q3,2021-08-09,up,29.944873208379263,383626410400.0,3836.264104,거래대금급증,외국인기관동반매도,외국인기관동반매도|개인매수,DART공시동반,직접반응,직접 반응형|선반영형|누적 배경형,있음,단기되돌림,True,True,B,유동성/저금리 후반장,에코프로\에코프로_2021_Q3_events.jsonl,상승실패,0.75,12,8,3.07,14.06,-0.63,0.63,추격매수 회피 후보,next_open,20.0,15.0,ok,,avoid_long,2021-08-10,2021-09-08,18259.0,17324.0,-5.120762363765818,4.820762363765819
H04,298380_2021_Q3_2021-09-02_up,298380,에이비엘바이오,2021_Q3,2021-09-02,up,9.178743961352652,52532472400.0,525.324724,거래대금급증,외국인기관동반매도,외국인기관동반매도|개인매수,DART공시동반,직접반응,직접 반응형|누적 배경형,있음,상승실패,True,True,B,유동성/저금리 후반장,에이비엘바이오\에이비엘바이오_2021_Q3_events.jsonl,상승실패,0.75,12,8,-4.42,-3.32,-8.63,-14.16,추격매수 회피 후보,next_open,20.0,15.0,ok,,avoid_long,2021-09-03,2021-10-07,22500.0,18950.0,-15.777777777777779,15.477777777777778
H04,066570_2021_Q3_2021-09-03_up,066570,LG전자,2021_Q3,2021-09-03,up,10.035842293906816,601973982000.0,6019.73982,거래대금급증,외국인기관동반매도,외국인기관동반매도|개인매수,DART공시동반,직접반응,직접 반응형|누적 배경형,있음,상승실패,True,True,B,유동성/저금리 후반장,LG전자\LG전자_2021_Q3_events.jsonl,상승실패,0.75,12,8,-3.58,-6.19,-4.56,-9.12,추격매수 회피 후보,next_open,20.0,15.0,ok,,avoid_long,2021-09-06,2021-10-08,151000.0,120000.0,-20.529801324503318,20.229801324503317
H04,402340_2021_Q4_2021-12-02_up,402340,SK스퀘어,2021_Q4,2021-12-02,up,9.569377990430628,495532935300.0,4955.329353,거래대금급증,외국인기관동반매도,외국인기관동반매도|개인매수,DART공시동반,직접반응,직접 반응형|누적 배경형,있음,상승실패,True,True,B,유동성/저금리 후반장,SK스퀘어\SK스퀘어_2021_Q4_events.jsonl,상승실패,0.75,12,8,-3.93,-4.51,-5.24,-17.9,추격매수 회피 후보,next_open,20.0,15.0,ok,,avoid_long,2021-12-03,2022-01-03,67400.0,66500.0,-1.3353115727002929,1.0353115727002928
H05,298380_2022_Q2_2022-04-21_down,298380,에이비엘바이오,2022_Q2,2022-04-21,down,-3.937007874015752,13413770900.0,134.137709,거래대금평균상회,수급엇갈림,외국인기관수급엇갈림|개인매수,주변공시부재,선반영,선반영형|누적 배경형,있음,하락유지,True,False,,금리 인상/긴축장,에이비엘바이오\에이비엘바이오_2022_Q2_events.jsonl,하락후반등,0.6923076923076923,13,9,-1.02,1.02,-1.23,-3.69,반등 관찰 후보,next_open,20.0,15.0,ok,,long,2022-04-22,2022-05-23,24000.0,23300.0,-2.9166666666666674,-3.2166666666666672
H05,010170_2022_Q2_2022-06-13_down,010170,대한광통신,2022_Q2,2022-06-13,down,-7.238605898123329,1783731600.0,17.837316,거래대금평균상회,수급엇갈림,외국인기관수급엇갈림|개인매수,주변공시부재,선반영,선반영형|누적 배경형,있음,하락지속,True,False,,금리 인상/긴축장,대한광통신\대한광통신_2022_Q2_events.jsonl,하락후반등,0.6923076923076923,13,9,-2.65,-5.92,-3.47,-10.89,반등 관찰 후보,next_open,20.0,15.0,ok,,long,2022-06-14,2022-07-12,1978.0,1756.0,-11.22345803842265,-11.523458038422651
H05,034020_2022_Q2_2022-06-20_down,034020,두산에너빌리티,2022_Q2,2022-06-20,down,-3.812316715542519,99637233650.0,996.3723365,거래대금평균상회,수급엇갈림,외국인기관수급엇갈림|개인매수,주변공시부재,선반영,선반영형|누적 배경형,있음,하락후반등,True,False,,금리 인상/긴축장,두산에너빌리티\두산에너빌리티_2022_Q2_events.jsonl,하락후반등,0.6923076923076923,13,9,1.52,3.05,10.98,,반등 관찰 후보,next_open,20.0,15.0,ok,,long,2022-06-21,2022-07-19,16400.0,17550.0,7.012195121951215,6.712195121951215
H05,042700_2022_Q2_2022-06-20_down,042700,한미반도체,2022_Q2,2022-06-20,down,-7.116104868913853,6964895550.0,69.6489555,거래대금평균상회,수급엇갈림,외국인기관수급엇갈림|개인매도,주변공시부재,선반영,선반영형|누적 배경형,있음,하락후반등,True,True,B,금리 인상/긴축장,한미반도체\한미반도체_2022_Q2_events.jsonl,하락후반등,0.6923076923076923,13,9,2.42,-6.05,4.44,,반등 관찰 후보,next_open,20.0,15.0,ok,,long,2022-06-21,2022-07-19,12450.0,13500.0,8.43373493975903,8.13373493975903
H05,222080_2022_Q2_2022-06-20_down,222080,씨아이에스,2022_Q2,2022-06-20,down,-5.000000000000004,58047856700.0,580.478567,거래대금평균상회,수급엇갈림,외국인기관수급엇갈림|개인매도,주변공시부재,선반영,선반영형|누적 배경형,있음,하락후반등,True,True,B,금리 인상/긴축장,씨아이에스\씨아이에스_2022_Q2_events.jsonl,하락후반등,0.6923076923076923,13,9,13.82,2.96,11.18,,반등 관찰 후보,next_open,20.0,15.0,ok,,long,2022-06-21,2022-07-19,16350.0,14000.0,-14.37308868501529,-14.67308868501529
H05,006400_2022_Q2_2022-06-22_down,006400,삼성SDI,2022_Q2,2022-06-22,down,-6.118863012182008,177124314000.0,1771.24314,거래대금평균상회,수급엇갈림,외국인기관수급엇갈림|개인매도,주변공시부재,선반영,선반영형|누적 배경형,있음,하락후반등,True,True,B,금리 인상/긴축장,삼성SDI\삼성SDI_2022_Q2_events.jsonl,하락후반등,0.6923076923076923,13,9,-0.74,5.96,6.15,,반등 관찰 후보,next_open,20.0,15.0,ok,,long,2022-06-23,2022-07-21,525740.0,555111.0,5.586601742306074,5.2866017423060745
H05,042700_2022_Q2_2022-06-22_down,042700,한미반도체,2022_Q2,2022-06-22,down,-8.267716535433067,9566348900.0,95.663489,거래대금평균상회,수급엇갈림,외국인기관수급엇갈림|개인매도,주변공시부재,선반영,선반영형|누적 배경형,있음,하락후반등,True,True,B,금리 인상/긴축장,한미반도체\한미반도체_2022_Q2_events.jsonl,하락후반등,0.6923076923076923,13,9,0.0,11.16,12.45,,반등 관찰 후보,,,,skip,overlap_same_hypothesis_ticker,,,,,,,
H05,222080_2022_Q3_2022-07-06_down,222080,씨아이에스,2022_Q3,2022-07-06,down,-5.147058823529416,22331300750.0,223.3130075,거래대금평균상회,수급엇갈림,외국인기관수급엇갈림|개인매수,주변공시부재,선반영,선반영형|누적 배경형,있음,하락후반등,True,False,,금리 인상/긴축장,씨아이에스\씨아이에스_2022_Q3_events.jsonl,하락후반등,0.6923076923076923,13,9,4.65,5.81,3.88,7.36,반등 관찰 후보,,,,skip,overlap_same_hypothesis_ticker,,,,,,,
H05,006360_2022_Q3_2022-09-14_down,006360,GS건설,2022_Q3,2022-09-14,down,-4.982817869415812,28720028350.0,287.2002835,거래대금평균상회,수급엇갈림,외국인기관수급엇갈림|개인매수,주변공시부재,선반영,선반영형|누적 배경형,있음,하락유지,True,False,,금리 인상/긴축장,GS건설\GS건설_2022_Q3_events.jsonl,하락후반등,0.6923076923076923,13,9,1.63,-1.27,-1.45,-13.2,반등 관찰 후보,next_open,20.0,15.0,ok,,long,2022-09-15,2022-10-17,27750.0,22650.0,-18.37837837837838,-18.67837837837838
H05,006360_2022_Q4_2022-10-13_down,006360,GS건설,2022_Q4,2022-10-13,down,-5.664488017429193,30538501650.0,305.3850165,거래대금평균상회,수급엇갈림,외국인기관수급엇갈림|개인매도,주변공시부재,선반영,선반영형|누적 배경형,있음,하락후반등,True,True,B,금리 인상/긴축장,GS건설\GS건설_2022_Q4_events.jsonl,하락후반등,0.6923076923076923,13,9,6.24,9.93,6.0,4.62,반등 관찰 후보,,,,skip,overlap_same_hypothesis_ticker,,,,,,,
H05,034020_2022_Q4_2022-10-13_down,034020,두산에너빌리티,2022_Q4,2022-10-13,down,-7.352941176470584,108181705350.0,1081.8170535,거래대금평균상회,수급엇갈림,외국인기관수급엇갈림|개인매도,주변공시부재,선반영,선반영형|누적 배경형,있음,하락후반등,True,True,B,금리 인상/긴축장,두산에너빌리티\두산에너빌리티_2022_Q4_events.jsonl,하락후반등,0.6923076923076923,13,9,3.97,7.14,11.51,6.35,반등 관찰 후보,next_open,20.0,15.0,ok,,long,2022-10-14,2022-11-11,13000.0,16500.0,26.923076923076916,26.623076923076916
H05,005930_2022_Q4_2022-12-28_down,005930,삼성전자,2022_Q4,2022-12-28,down,-2.581755593803792,832919426100.0,8329.194261,거래대금평균상회,수급엇갈림,외국인기관수급엇갈림|개인매수,주변공시부재,선반영,선반영형|누적 배경형,있음,후속거래일부족,False,False,,금리 인상/긴축장,삼성전자\삼성전자_2022_Q4_events.jsonl,하락후반등,0.6923076923076923,13,9,-2.3,,,,반등 관찰 후보,next_open,20.0,15.0,ok,,long,2022-12-29,2023-01-31,56000.0,61000.0,8.92857142857142,8.62857142857142
H05,298040_2023_Q1_2023-01-02_down,298040,효성중공업,2023_Q1,2023-01-02,down,-4.743589743589749,8595374200.0,85.953742,거래대금평균상회,수급엇갈림,외국인기관수급엇갈림|개인매수,주변공시부재,선반영,선반영형|누적 배경형,있음,하락지속,True,False,,금리 인상/긴축장,효성중공업\효성중공업_2023_Q1_events.jsonl,하락후반등,0.6923076923076923,13,9,-0.81,-5.25,-3.23,-3.36,반등 관찰 후보,next_open,20.0,15.0,ok,,long,2023-01-03,2023-02-02,74500.0,69500.0,-6.711409395973156,-7.011409395973156
H05,010170_2023_Q1_2023-01-10_down,010170,대한광통신,2023_Q1,2023-01-10,down,-4.441776710684275,3259321180.0,32.5932118,거래대금평균상회,수급엇갈림,외국인기관수급엇갈림|개인매수,주변공시부재,선반영,선반영형|누적 배경형,있음,하락후반등,True,False,,금리 인상/긴축장,대한광통신\대한광통신_2023_Q1_events.jsonl,하락후반등,0.6923076923076923,13,9,-3.6,-5.19,3.39,4.27,반등 관찰 후보,next_open,20.0,15.0,ok,,long,2023-01-11,2023-02-10,2383.0,2055.0,-13.764162819974823,-14.064162819974824
H06,005490_2023_Q2_2023-04-03_up,005490,POSCO홀딩스,2023_Q2,2023-04-03,up,6.521739130434789,1039998810500.0,10399.988105,거래대금급증,외국인기관동반매도,외국인기관동반매도|개인매수,DART공시동반,직접반응,직접 반응형|선반영형|누적 배경형,있음,상승유지,True,True,B,반도체 반등장,POSCO홀딩스\POSCO홀딩스_2023_Q2_events.jsonl,상승실패,0.65,20,11,-6.38,-7.53,1.66,8.04,추격매수 회피 후보,next_open,20.0,15.0,ok,,avoid_long,2023-04-04,2023-05-03,392000.0,380000.0,-3.0612244897959218,2.761224489795922
H06,222080_2023_Q2_2023-04-03_up,222080,씨아이에스,2023_Q2,2023-04-03,up,4.181184668989557,243267391430.0,2432.6739143,거래대금급증,외국인기관동반매도,외국인기관동반매도|개인매수,DART공시동반,직접반응,직접 반응형|선반영형|누적 배경형,있음,상승실패,True,True,B,반도체 반등장,씨아이에스\씨아이에스_2023_Q2_events.jsonl,상승실패,0.65,20,11,-5.02,-8.43,-7.89,-12.24,추격매수 회피 후보,next_open,20.0,15.0,ok,,avoid_long,2023-04-04,2023-05-03,14740.0,12640.0,-14.24694708276798,13.946947082767979
H06,241520_2023_Q2_2023-04-05_up,241520,DSC인베스트먼트,2023_Q2,2023-04-05,up,2.966625463535233,6751553550.0,67.5155355,거래대금급증,외국인기관동반매도,외국인기관동반매도|개인매수,DART공시동반,직접반응,직접 반응형|누적 배경형,있음,상승실패,True,True,B,반도체 반등장,DSC인베스트먼트\DSC인베스트먼트_2023_Q2_events.jsonl,상승실패,0.65,20,11,-1.56,-4.68,-3.48,-5.28,추격매수 회피 후보,next_open,20.0,15.0,ok,,avoid_long,2023-04-06,2023-05-08,4190.0,3820.0,-8.830548926014314,8.530548926014314
H06,005490_2023_Q2_2023-04-10_up,005490,POSCO홀딩스,2023_Q2,2023-04-10,up,7.8484438430311165,1356744585000.0,13567.44585,거래대금급증,외국인기관동반매도,외국인기관동반매도|개인매수,DART공시동반,직접반응,직접 반응형|선반영형|누적 배경형,있음,상승지속,True,True,B,반도체 반등장,POSCO홀딩스\POSCO홀딩스_2023_Q2_events.jsonl,상승실패,0.65,20,11,-0.38,-1.76,6.27,0.0,추격매수 회피 후보,,,,skip,overlap_same_hypothesis_ticker,,,,,,,
H06,006400_2023_Q2_2023-04-11_up,006400,삼성SDI,2023_Q2,2023-04-11,up,2.4032619886948714,336456939000.0,3364.56939,거래대금급증,외국인기관동반매도,외국인기관동반매도|개인매수,DART공시동반,직접반응,직접 반응형|선반영형|누적 배경형,있음,단기되돌림,True,True,B,반도체 반등장,삼성SDI\삼성SDI_2023_Q2_events.jsonl,상승실패,0.65,20,11,-0.39,-0.65,-0.13,-7.95,추격매수 회피 후보,next_open,20.0,15.0,ok,,avoid_long,2023-04-12,2023-05-12,759729.0,651056.0,-14.304179516643433,14.004179516643433
H06,042700_2023_Q2_2023-04-11_up,042700,한미반도체,2023_Q2,2023-04-11,up,6.303151575787891,230487566430.0,2304.8756643,거래대금급증,외국인기관동반매도,외국인기관동반매도|개인매수,DART공시동반,직접반응,직접 반응형|선반영형|누적 배경형,있음,상승실패,True,True,B,반도체 반등장,한미반도체\한미반도체_2023_Q2_events.jsonl,상승실패,0.65,20,11,-4.24,-6.45,-5.88,-3.76,추격매수 회피 후보,next_open,20.0,15.0,ok,,avoid_long,2023-04-12,2023-05-12,20950.0,20350.0,-2.863961813842486,2.5639618138424862
H06,005490_2023_Q2_2023-04-14_up,005490,POSCO홀딩스,2023_Q2,2023-04-14,up,6.257982120051087,1121889382000.0,11218.89382,거래대금급증,외국인기관동반매도,외국인기관동반매도|개인매수,DART공시동반,직접반응,직접 반응형|선반영형|누적 배경형,있음,상승실패,True,True,B,반도체 반등장,POSCO홀딩스\POSCO홀딩스_2023_Q2_events.jsonl,상승실패,0.65,20,11,1.8,-0.96,-4.81,-9.38,추격매수 회피 후보,,,,skip,overlap_same_hypothesis_ticker,,,,,,,
H06,222080_2023_Q2_2023-04-18_up,222080,씨아이에스,2023_Q2,2023-04-18,up,5.182926829268286,109866557210.0,1098.6655721,거래대금급증,외국인기관동반매도,외국인기관동반매도|개인매수,DART공시동반,직접반응,직접 반응형|선반영형|누적 배경형,있음,상승실패,True,True,B,반도체 반등장,씨아이에스\씨아이에스_2023_Q2_events.jsonl,상승실패,0.65,20,11,0.65,-4.57,-10.94,-8.41,추격매수 회피 후보,,,,skip,overlap_same_hypothesis_ticker,,,,,,,
H06,001440_2023_Q2_2023-05-16_up,001440,대한전선,2023_Q2,2023-05-16,up,6.301187928871843,142556853690.0,1425.5685369,거래대금급증,외국인기관동반매도,외국인기관동반매도|개인매수,DART공시동반,직접반응,직접 반응형|선반영형|누적 배경형,있음,상승실패,True,True,B,반도체 반등장,대한전선\대한전선_2023_Q2_events.jsonl,상승실패,0.65,20,11,-4.29,-6.87,-6.56,-10.02,추격매수 회피 후보,next_open,20.0,15.0,ok,,avoid_long,2023-05-17,2023-06-16,14489.0,13671.0,-5.645662226516668,5.3456622265166684
H06,000720_2023_Q2_2023-06-26_up,000720,현대건설,2023_Q2,2023-06-26,up,6.25,359525992200.0,3595.259922,거래대금급증,외국인기관동반매도,외국인기관동반매도|개인매수,DART공시동반,직접반응,직접 반응형|누적 배경형,있음,상승실패,True,True,B,반도체 반등장,현대건설\현대건설_2023_Q2_events.jsonl,상승실패,0.65,20,11,-4.17,-7.48,,,추격매수 회피 후보,next_open,20.0,15.0,ok,,avoid_long,2023-06-27,2023-07-25,40550.0,37750.0,-6.9050554870530245,6.605055487053025
H06,005490_2023_Q3_2023-07-24_up,005490,POSCO홀딩스,2023_Q3,2023-07-24,up,16.515426497277687,4606869666000.0,46068.69666,거래대금급증,외국인기관동반매도,외국인기관동반매도|개인매수,DART공시동반,직접반응,직접 반응형|선반영형|누적 배경형,있음,상승유지,True,True,B,반도체 반등장,POSCO홀딩스\POSCO홀딩스_2023_Q3_events.jsonl,상승실패,0.65,20,11,2.49,-7.48,0.0,-12.62,추격매수 회피 후보,next_open,20.0,15.0,ok,,avoid_long,2023-07-25,2023-08-23,655000.0,551000.0,-15.877862595419845,15.577862595419845
H06,006400_2023_Q3_2023-07-24_up,006400,삼성SDI,2023_Q3,2023-07-24,up,3.790112206975405,284298225867.0,2842.98225867,거래대금급증,외국인기관동반매도,외국인기관동반매도|개인매수,DART공시동반,직접반응,직접 반응형|누적 배경형,있음,상승실패,True,True,B,반도체 반등장,삼성SDI\삼성SDI_2023_Q3_events.jsonl,상승실패,0.65,20,11,0.0,-7.02,-6.6,-13.34,추격매수 회피 후보,next_open,20.0,15.0,ok,,avoid_long,2023-07-25,2023-08-23,711757.0,573713.0,-19.39482154724155,19.094821547241548
H06,267260_2023_Q3_2023-07-25_up,267260,HD현대일렉트릭,2023_Q3,2023-07-25,up,12.256267409470745,77477171600.0,774.771716,거래대금급증,외국인기관동반매도,외국인기관동반매도|개인매수,DART공시동반,직접반응,직접 반응형|선반영형|누적 배경형,있음,상승실패,True,True,B,반도체 반등장,HD현대일렉트릭\HD현대일렉트릭_2023_Q3_events.jsonl,상승실패,0.65,20,11,-13.65,-9.55,-8.56,-5.46,추격매수 회피 후보,next_open,20.0,15.0,ok,,avoid_long,2023-07-26,2023-08-24,82800.0,70100.0,-15.338164251207731,15.03816425120773
H06,012450_2023_Q3_2023-07-31_up,012450,한화에어로스페이스,2023_Q3,2023-07-31,up,5.800858442055157,150851546000.0,1508.51546,거래대금급증,외국인기관동반매도,외국인기관동반매도|개인매수,DART공시동반,직접반응,직접 반응형|누적 배경형,있음,단기되돌림,True,True,B,반도체 반등장,한화에어로스페이스\한화에어로스페이스_2023_Q3_events.jsonl,상승실패,0.65,20,11,-0.57,-2.62,-1.06,-6.96,추격매수 회피 후보,next_open,20.0,15.0,ok,,avoid_long,2023-08-01,2023-08-30,124684.0,117349.0,-5.882871900163611,5.582871900163611
H06,005490_2023_Q4_2023-11-06_up,005490,POSCO홀딩스,2023_Q4,2023-11-06,up,19.17808219178083,1669369109500.0,16693.691095,거래대금급증,외국인기관동반매도,외국인기관동반매도|개인매수,DART공시동반,직접반응,직접 반응형|누적 배경형,있음,상승실패,True,True,B,반도체 반등장,POSCO홀딩스\POSCO홀딩스_2023_Q4_events.jsonl,상승실패,0.65,20,11,-11.02,-11.78,-13.41,-9.58,추격매수 회피 후보,next_open,20.0,15.0,ok,,avoid_long,2023-11-07,2023-12-05,510000.0,460500.0,-9.705882352941176,9.405882352941175
H06,001440_2023_Q4_2023-12-14_up,001440,대한전선,2023_Q4,2023-12-14,up,3.3633349123638023,57994998060.0,579.9499806,거래대금급증,외국인기관동반매도,외국인기관동반매도|개인매수,DART공시동반,직접반응,직접 반응형|누적 배경형,있음,상승실패,True,True,B,반도체 반등장,대한전선\대한전선_2023_Q4_events.jsonl,상승실패,0.65,20,11,-16.57,-21.91,-18.24,,추격매수 회피 후보,next_open,20.0,15.0,ok,,avoid_long,2023-12-15,2024-01-17,9365.0,8575.0,-8.43566470902296,8.13566470902296
H06,001510_2023_Q4_2023-12-14_up,001510,SK증권,2023_Q4,2023-12-14,up,5.2918287937743225,12806755465.0,128.06755465,거래대금급증,외국인기관동반매도,외국인기관동반매도|개인매수,DART공시동반,직접반응,직접 반응형|선반영형|누적 배경형,있음,상승실패,True,True,B,반도체 반등장,SK증권\SK증권_2023_Q4_events.jsonl,상승실패,0.65,20,11,-4.43,-5.47,-6.06,,추격매수 회피 후보,next_open,20.0,15.0,ok,,avoid_long,2023-12-15,2024-01-17,1323.0,1197.0,-9.523809523809524,9.223809523809523
H06,322000_2023_Q4_2023-12-14_up,322000,HD현대에너지솔루션,2023_Q4,2023-12-14,up,17.204301075268823,82962610100.0,829.626101,거래대금급증,외국인기관동반매도,외국인기관동반매도|개인매수,DART공시동반,직접반응,직접 반응형|누적 배경형,있음,상승지속,True,True,B,반도체 반등장,HD현대에너지솔루션\HD현대에너지솔루션_2023_Q4_events.jsonl,상승실패,0.65,20,11,-0.55,-2.57,7.89,,추격매수 회피 후보,next_open,20.0,15.0,ok,,avoid_long,2023-12-15,2024-01-17,28350.0,25400.0,-10.405643738977076,10.105643738977076
H06,001440_2023_Q4_2023-12-20_up,001440,대한전선,2023_Q4,2023-12-20,up,3.0985915492957705,16694586540.0,166.9458654,거래대금급증,외국인기관동반매도,외국인기관동반매도|개인매수,DART공시동반,직접반응,직접 반응형|누적 배경형,있음,상승지속,True,True,B,반도체 반등장,대한전선\대한전선_2023_Q4_events.jsonl,상승실패,0.65,20,11,1.55,0.72,4.23,,추격매수 회피 후보,,,,skip,overlap_same_hypothesis_ticker,,,,,,,
H06,322000_2023_Q4_2023-12-20_up,322000,HD현대에너지솔루션,2023_Q4,2023-12-20,up,10.546139359698682,60123006450.0,601.2300645,거래대금급증,외국인기관동반매도,외국인기관동반매도|개인매수,DART공시동반,직접반응,직접 반응형|선반영형|누적 배경형,있음,상승실패,True,True,B,반도체 반등장,HD현대에너지솔루션\HD현대에너지솔루션_2023_Q4_events.jsonl,상승실패,0.65,20,11,0.17,-4.26,-4.77,,추격매수 회피 후보,,,,skip,overlap_same_hypothesis_ticker,,,,,,,
H03,006360_2024_Q1_2024-02-08_down,006360,GS건설,2024_Q1,2024-02-08,down,-2.119460500963388,7766401760.0,77.6640176,거래대금평균상회,수급엇갈림,외국인기관수급엇갈림|개인매수,주변공시부재,누적배경,누적 배경형,있음,하락후반등,True,False,,AI/전력기기 테마장,GS건설\GS건설_2024_Q1_events.jsonl,하락후반등,0.75,12,10,-0.13,-2.03,3.02,0.72,반등 관찰 후보,next_open,20.0,15.0,ok,,long,2024-02-13,2024-03-13,15220.0,15110.0,-0.7227332457293012,-1.0227332457293012
H03,241520_2024_Q3_2024-09-04_down,241520,DSC인베스트먼트,2024_Q3,2024-09-04,down,-2.601626016260161,447963845.0,4.47963845,거래대금평균상회,수급엇갈림,외국인기관수급엇갈림|개인매도,주변공시부재,누적배경,누적 배경형,있음,하락지속,True,True,B,AI/전력기기 테마장,DSC인베스트먼트\DSC인베스트먼트_2024_Q3_events.jsonl,하락후반등,0.75,12,10,-0.5,-4.84,-8.18,-4.51,반등 관찰 후보,next_open,20.0,15.0,ok,,long,2024-09-05,2024-10-11,3010.0,2880.0,-4.318936877076407,-4.618936877076407
H03,329180_2024_Q4_2024-10-07_down,329180,HD현대중공업,2024_Q4,2024-10-07,down,-3.557951482479782,61865280600.0,618.652806,거래대금평균상회,수급엇갈림,외국인기관수급엇갈림|개인매도,주변공시부재,누적배경,누적 배경형,있음,하락후반등,True,False,,AI/전력기기 테마장,HD현대중공업\HD현대중공업_2024_Q4_events.jsonl,하락후반등,0.75,12,10,0.45,1.9,7.71,8.38,반등 관찰 후보,next_open,20.0,15.0,ok,,long,2024-10-08,2024-11-06,179400.0,181100.0,0.9476031215161607,0.6476031215161606
H03,322000_2024_Q4_2024-12-05_down,322000,HD현대에너지솔루션,2024_Q4,2024-12-05,down,-7.3031026252983295,1860674800.0,18.606748,거래대금평균상회,수급엇갈림,외국인기관수급엇갈림|개인매도,주변공시부재,누적배경,누적 배경형,있음,하락후반등,True,True,B,AI/전력기기 테마장,HD현대에너지솔루션\HD현대에너지솔루션_2024_Q4_events.jsonl,하락후반등,0.75,12,10,3.5,4.79,8.14,8.91,반등 관찰 후보,next_open,20.0,15.0,ok,,long,2024-12-06,2025-08-25,19250.0,43250.0,124.67532467532467,124.37532467532468
H03,009150_2024_Q4_2024-12-09_down,009150,삼성전기,2024_Q4,2024-12-09,down,-4.347826086956519,43611122600.0,436.111226,거래대금평균상회,수급엇갈림,외국인기관수급엇갈림|개인매도,주변공시부재,누적배경,누적 배경형,있음,하락후반등,True,True,B,AI/전력기기 테마장,삼성전기\삼성전기_2024_Q4_events.jsonl,하락후반등,0.75,12,10,10.13,14.3,20.74,21.4,반등 관찰 후보,next_open,20.0,15.0,ok,,long,2024-12-10,2025-01-10,107900.0,129300.0,19.833178869323454,19.533178869323454
H03,000660_2025_Q1_2025-01-13_down,000660,SK하이닉스,2025_Q1,2025-01-13,down,-4.5208845208845165,939206630700.0,9392.066307,거래대금평균상회,수급엇갈림,외국인기관수급엇갈림|개인매도,주변공시부재,누적배경,누적 배경형,있음,하락후반등,True,True,B,AI/전력기기 테마장,SK하이닉스\SK하이닉스_2025_Q1_events.jsonl,하락후반등,0.75,12,10,0.36,8.08,9.11,2.52,반등 관찰 후보,next_open,20.0,15.0,ok,,long,2025-01-14,2025-08-28,194300.0,268500.0,38.18836850231602,37.88836850231602
H03,009150_2025_Q1_2025-01-15_down,009150,삼성전기,2025_Q1,2025-01-15,down,-2.3790642347343405,49580105500.0,495.801055,거래대금평균상회,수급엇갈림,외국인기관수급엇갈림|개인매수,주변공시부재,누적배경,누적 배경형,있음,하락후반등,True,False,,AI/전력기기 테마장,삼성전기\삼성전기_2025_Q1_events.jsonl,하락후반등,0.75,12,10,0.41,2.84,6.01,7.07,반등 관찰 후보,next_open,20.0,15.0,ok,,long,2025-01-16,2025-09-01,124500.0,162200.0,30.28112449799196,29.98112449799196
H03,298380_2025_Q1_2025-02-13_down,298380,에이비엘바이오,2025_Q1,2025-02-13,down,-4.90196078431373,50633931650.0,506.3393165,거래대금평균상회,수급엇갈림,외국인기관수급엇갈림|개인매도,주변공시부재,누적배경,누적 배경형,있음,단기반등,True,False,,AI/전력기기 테마장,에이비엘바이오\에이비엘바이오_2025_Q1_events.jsonl,하락후반등,0.75,12,10,1.8,20.88,1.55,6.19,반등 관찰 후보,next_open,20.0,15.0,ok,,long,2025-02-14,2025-03-17,38500.0,39750.0,3.2467532467532534,2.9467532467532536
H03,222080_2025_Q1_2025-03-06_down,222080,씨아이에스,2025_Q1,2025-03-06,down,-4.2446941323345815,6599849640.0,65.9984964,거래대금평균상회,수급엇갈림,외국인기관수급엇갈림|개인매수,주변공시부재,누적배경,누적 배경형,있음,하락지속,True,False,,AI/전력기기 테마장,씨아이에스\씨아이에스_2025_Q1_events.jsonl,하락후반등,0.75,12,10,-1.04,-4.17,-5.08,6.13,반등 관찰 후보,next_open,20.0,15.0,ok,,long,2025-03-07,2025-04-04,7700.0,7250.0,-5.844155844155841,-6.144155844155841
H03,005490_2025_Q1_2025-03-31_down,005490,POSCO홀딩스,2025_Q1,2025-03-31,down,-4.623287671232879,123528351000.0,1235.28351,거래대금평균상회,수급엇갈림,외국인기관수급엇갈림|개인매수,주변공시부재,누적배경,누적 배경형,있음,후속거래일부족,False,False,,AI/전력기기 테마장,POSCO홀딩스\POSCO홀딩스_2025_Q1_events.jsonl,하락후반등,0.75,12,10,,,,,반등 관찰 후보,next_open,20.0,15.0,ok,,long,2025-04-01,2025-04-29,281000.0,262500.0,-6.583629893238429,-6.883629893238429
H03,010170_2025_Q2_2025-06-02_down,010170,대한광통신,2025_Q2,2025-06-02,down,-4.97866287339972,664447498.0,6.64447498,거래대금평균상회,수급엇갈림,외국인기관수급엇갈림|개인매도,주변공시부재,누적배경,누적 배경형,있음,하락후반등,True,True,B,AI/전력기기 테마장,대한광통신\대한광통신_2025_Q2_events.jsonl,하락후반등,0.75,12,10,0.3,2.99,8.08,13.32,반등 관찰 후보,next_open,20.0,15.0,ok,,long,2025-06-04,2025-07-03,669.0,925.0,38.26606875934231,37.96606875934231
H03,009150_2025_Q2_2025-06-13_down,009150,삼성전기,2025_Q2,2025-06-13,down,-3.0441400304414,48919694250.0,489.1969425,거래대금평균상회,수급엇갈림,외국인기관수급엇갈림|개인매수,주변공시부재,누적배경,누적 배경형,있음,하락후반등,True,False,,AI/전력기기 테마장,삼성전기\삼성전기_2025_Q2_events.jsonl,하락후반등,0.75,12,10,-0.39,4.4,4.63,6.36,반등 관찰 후보,,,,skip,overlap_same_hypothesis_ticker,,,,,,,
H03,010170_2025_Q2_2025-06-23_down,010170,대한광통신,2025_Q2,2025-06-23,down,-3.286978508217442,713302338.0,7.13302338,거래대금평균상회,수급엇갈림,외국인기관수급엇갈림|개인매수,주변공시부재,누적배경,누적 배경형,있음,하락후반등,True,False,,AI/전력기기 테마장,대한광통신\대한광통신_2025_Q2_events.jsonl,하락후반등,0.75,12,10,8.37,15.03,20.26,,반등 관찰 후보,,,,skip,overlap_same_hypothesis_ticker,,,,,,,
H01,012450_2025_Q3_2025-07-15_up,012450,한화에어로스페이스,2025_Q3,2025-07-15,up,5.0805452292441045,196276830500.0,1962.768305,거래대금약함,외국인기관동반매수,외국인기관동반매수|개인매도,DART공시동반,직접반응,직접 반응형|누적 배경형,있음,상승지속,True,False,,변동성 장세,한화에어로스페이스\한화에어로스페이스_2025_Q3_events.jsonl,상승지속,0.7857142857142857,14,10,0.71,5.66,8.73,17.69,진입 후보,next_open,20.0,15.0,ok,,long,2025-07-16,2025-08-13,840000.0,878000.0,4.52380952380953,4.22380952380953
H01,329180_2025_Q3_2025-07-21_up,329180,HD현대중공업,2025_Q3,2025-07-21,up,4.808877928483346,95369403750.0,953.6940375,거래대금약함,외국인기관동반매수,외국인기관동반매수|개인매도,DART공시동반,직접반응,직접 반응형|누적 배경형,있음,상승지속,True,False,,변동성 장세,HD현대중공업\HD현대중공업_2025_Q3_events.jsonl,상승지속,0.7857142857142857,14,10,-2.0,-1.18,9.29,9.06,진입 후보,next_open,20.0,15.0,ok,,long,2025-07-22,2025-08-20,421500.0,450500.0,6.880189798339265,6.580189798339265
H02,001510_2025_Q3_2025-07-28_down,001510,SK증권,2025_Q3,2025-07-28,down,-3.732950466618812,3238622980.0,32.3862298,거래대금약함,외국인기관동반매수,외국인기관동반매수|개인매도,DART공시동반,직접반응,직접 반응형|누적 배경형,있음,하락지속,True,True,B,변동성 장세,SK증권\SK증권_2025_Q3_events.jsonl,하락후반등,0.7692307692307693,13,11,0.75,0.45,-3.58,-3.13,반등 관찰 후보,next_open,20.0,15.0,ok,,long,2025-07-29,2025-08-27,1345.0,1273.0,-5.353159851301115,-5.6531598513011145
H02,000660_2025_Q3_2025-09-01_down,000660,SK하이닉스,2025_Q3,2025-09-01,down,-4.832713754646845,472705957750.0,4727.0595775,거래대금약함,외국인기관동반매수,외국인기관동반매수|개인매도,DART공시동반,직접반응,직접 반응형|누적 배경형,있음,하락후반등,True,True,B,변동성 장세,SK하이닉스\SK하이닉스_2025_Q3_events.jsonl,하락후반등,0.7692307692307693,13,11,1.76,3.71,8.2,29.3,반등 관찰 후보,next_open,20.0,15.0,ok,,long,2025-09-02,2025-09-30,256000.0,347500.0,35.7421875,35.4421875
H02,009150_2025_Q4_2025-10-13_down,009150,삼성전기,2025_Q4,2025-10-13,down,-3.32541567695962,95627865500.0,956.278655,거래대금약함,외국인기관동반매수,외국인기관동반매수|개인매도,DART공시동반,직접반응,직접 반응형|누적 배경형,있음,하락후반등,True,True,B,변동성 장세,삼성전기\삼성전기_2025_Q4_events.jsonl,하락후반등,0.7692307692307693,13,11,-2.6,-0.98,4.42,12.29,반등 관찰 후보,next_open,20.0,15.0,ok,,long,2025-10-14,2025-11-11,206000.0,227500.0,10.436893203883502,10.136893203883501
H01,001510_2025_Q4_2025-10-15_up,001510,SK증권,2025_Q4,2025-10-15,up,3.098373353989148,973307933.0,9.73307933,거래대금약함,외국인기관동반매수,외국인기관동반매수|개인매도,DART공시동반,직접반응,직접 반응형|선반영형|누적 배경형,있음,상승지속,True,False,,변동성 장세,SK증권\SK증권_2025_Q4_events.jsonl,상승지속,0.7857142857142857,14,10,6.61,6.76,4.36,6.76,진입 후보,next_open,20.0,15.0,ok,,long,2025-10-16,2025-11-13,1327.0,1421.0,7.083647324792763,6.7836473247927636
H01,086520_2025_Q4_2025-10-16_up,086520,에코프로,2025_Q4,2025-10-16,up,14.03162055335969,147905734550.0,1479.0573455,거래대금약함,외국인기관동반매수,외국인기관동반매수|개인매도,DART공시동반,직접반응,직접 반응형|선반영형|누적 배경형,있음,상승지속,True,False,,변동성 장세,에코프로\에코프로_2025_Q4_events.jsonl,상승지속,0.7857142857142857,14,10,27.04,31.54,41.25,54.59,진입 후보,next_open,20.0,15.0,ok,,long,2025-10-17,2025-11-14,61600.0,89900.0,45.94155844155845,45.64155844155845
H01,298380_2025_Q4_2025-11-12_up,298380,에이비엘바이오,2025_Q4,2025-11-12,up,29.948717948717945,85455156100.0,854.551561,거래대금약함,외국인기관동반매수,외국인기관동반매수|개인매도,DART공시동반,직접반응,직접 반응형|선반영형|누적 배경형,있음,상승지속,True,False,,변동성 장세,에이비엘바이오\에이비엘바이오_2025_Q4_events.jsonl,상승지속,0.7857142857142857,14,10,29.04,38.91,34.1,36.86,진입 후보,next_open,20.0,15.0,ok,,long,2025-11-13,2025-12-11,153000.0,196300.0,28.30065359477125,28.00065359477125
H02,028050_2025_Q4_2025-11-18_down,028050,삼성E&A,2025_Q4,2025-11-18,down,-3.802281368821292,15676964750.0,156.7696475,거래대금약함,외국인기관동반매수,외국인기관동반매수|개인매도,DART공시동반,직접반응,직접 반응형|선반영형|누적 배경형,있음,하락유지,True,True,B,변동성 장세,삼성E&A\삼성E&A_2025_Q4_events.jsonl,하락후반등,0.7692307692307693,13,11,1.19,-0.2,-0.79,1.38,반등 관찰 후보,next_open,20.0,15.0,ok,,long,2025-11-19,2025-12-17,25500.0,25200.0,-1.17647058823529,-1.47647058823529
H02,005930_2025_Q4_2025-11-21_down,005930,삼성전자,2025_Q4,2025-11-21,down,-5.765407554671964,2204245251690.0,22042.4525169,거래대금약함,외국인기관동반매수,외국인기관동반매수|개인매도,DART공시동반,직접반응,직접 반응형|누적 배경형,있음,하락후반등,True,True,B,변동성 장세,삼성전자\삼성전자_2025_Q4_events.jsonl,하락후반등,0.7692307692307693,13,11,2.0,8.44,6.01,14.35,반등 관찰 후보,next_open,20.0,15.0,ok,,long,2025-11-24,2025-12-22,97800.0,110500.0,12.985685071574649,12.685685071574648
H02,005935_2025_Q4_2025-11-21_down,005935,삼성전자우,2025_Q4,2025-11-21,down,-4.36507936507936,181127652100.0,1811.276521,거래대금약함,외국인기관동반매수,외국인기관동반매수|개인매도,DART공시동반,직접반응,직접 반응형|누적 배경형,있음,하락후반등,True,True,B,변동성 장세,삼성전자우\삼성전자우_2025_Q4_events.jsonl,하락후반등,0.7692307692307693,13,11,0.41,6.92,3.73,10.79,반등 관찰 후보,next_open,20.0,15.0,ok,,long,2025-11-24,2025-12-22,74100.0,85300.0,15.114709851551966,14.814709851551966
H01,005935_2025_Q4_2025-11-26_up,005935,삼성전자우,2025_Q4,2025-11-26,up,3.204272363150862,205023903100.0,2050.239031,거래대금약함,외국인기관동반매수,외국인기관동반매수|개인매도,DART공시동반,직접반응,직접 반응형|선반영형|누적 배경형,있음,상승유지,True,False,,변동성 장세,삼성전자우\삼성전자우_2025_Q4_events.jsonl,상승지속,0.7857142857142857,14,10,-0.39,-1.29,1.03,4.79,진입 후보,next_open,20.0,15.0,ok,,long,2025-11-27,2025-12-26,77900.0,88500.0,13.607188703465978,13.307188703465977
H01,028050_2025_Q4_2025-11-26_up,028050,삼성E&A,2025_Q4,2025-11-26,up,1.9920318725099584,15585419475.0,155.85419475,거래대금약함,외국인기관동반매수,외국인기관동반매수|개인매도,DART공시동반,직접반응,직접 반응형|누적 배경형,있음,상승유지,True,False,,변동성 장세,삼성E&A\삼성E&A_2025_Q4_events.jsonl,상승지속,0.7857142857142857,14,10,0.78,-0.39,1.56,-3.52,진입 후보,next_open,20.0,15.0,ok,,long,2025-11-27,2025-12-26,25550.0,24400.0,-4.500978473581219,-4.800978473581218
H01,086520_2025_Q4_2025-11-26_up,086520,에코프로,2025_Q4,2025-11-26,up,11.037234042553193,297654232000.0,2976.54232,거래대금약함,외국인기관동반매수,외국인기관동반매수|개인매도,DART공시동반,직접반응,직접 반응형|누적 배경형,있음,상승지속,True,False,,변동성 장세,에코프로\에코프로_2025_Q4_events.jsonl,상승지속,0.7857142857142857,14,10,-1.92,11.38,11.86,39.88,진입 후보,next_open,20.0,15.0,ok,,long,2025-11-27,2025-12-26,83900.0,97000.0,15.613825983313468,15.313825983313468
H02,005930_2025_Q4_2025-11-28_down,005930,삼성전자,2025_Q4,2025-11-28,down,-2.898550724637683,1548884266354.0,15488.84266354,거래대금약함,외국인기관동반매수,외국인기관동반매수|개인매도,DART공시동반,직접반응,직접 반응형|선반영형|누적 배경형,있음,하락후반등,True,True,B,변동성 장세,삼성전자\삼성전자_2025_Q4_events.jsonl,하락후반등,0.7692307692307693,13,11,0.3,3.98,7.86,8.36,반등 관찰 후보,,,,skip,overlap_same_hypothesis_ticker,,,,,,,
H01,012450_2025_Q4_2025-12-05_up,012450,한화에어로스페이스,2025_Q4,2025-12-05,up,4.678362573099415,168606246800.0,1686.062468,거래대금약함,외국인기관동반매수,외국인기관동반매수|개인매도,DART공시동반,직접반응,직접 반응형|누적 배경형,있음,상승지속,True,False,,변동성 장세,한화에어로스페이스\한화에어로스페이스_2025_Q4_events.jsonl,상승지속,0.7857142857142857,14,10,4.69,3.13,7.37,-1.23,진입 후보,next_open,20.0,15.0,ok,,long,2025-12-08,2026-01-08,907000.0,1090000.0,20.176405733186332,19.87640573318633
H01,012450_2026_Q1_2026-01-05_up,012450,한화에어로스페이스,2026_Q1,2026-01-05,up,6.976744186046502,325547099150.0,3255.4709915,거래대금약함,외국인기관동반매수,외국인기관동반매수|개인매도,DART공시동반,직접반응,직접 반응형|선반영형|누적 배경형,있음,상승지속,True,False,,변동성 장세,한화에어로스페이스\한화에어로스페이스_2026_Q1_events.jsonl,상승지속,0.7857142857142857,14,10,0.99,7.71,19.76,31.42,진입 후보,,,,skip,overlap_same_hypothesis_ticker,,,,,,,
H02,006400_2026_Q1_2026-01-14_down,006400,삼성SDI,2026_Q1,2026-01-14,down,-4.833333333333334,191295630500.0,1912.956305,거래대금약함,외국인기관동반매수,외국인기관동반매수|개인매도,DART공시동반,직접반응,직접 반응형|누적 배경형,있음,하락후반등,True,True,B,변동성 장세,삼성SDI\삼성SDI_2026_Q1_events.jsonl,하락후반등,0.7692307692307693,13,11,2.1,9.98,13.49,38.88,반등 관찰 후보,next_open,20.0,15.0,ok,,long,2026-01-15,2026-02-12,287000.0,385500.0,34.32055749128919,34.020557491289196
H02,001440_2026_Q1_2026-02-02_down,001440,대한전선,2026_Q1,2026-02-02,down,-9.353741496598644,128171102225.0,1281.71102225,거래대금약함,외국인기관동반매수,외국인기관동반매수|개인매도,DART공시동반,직접반응,직접 반응형|누적 배경형,있음,하락후반등,True,True,B,변동성 장세,대한전선\대한전선_2026_Q1_events.jsonl,하락후반등,0.7692307692307693,13,11,15.57,19.32,18.39,22.51,반등 관찰 후보,next_open,20.0,15.0,ok,,long,2026-02-03,2026-03-09,27400.0,28750.0,4.92700729927007,4.62700729927007
H01,006360_2026_Q1_2026-02-09_up,006360,GS건설,2026_Q1,2026-02-09,up,6.227106227106227,33547757060.0,335.4775706,거래대금약함,외국인기관동반매수,외국인기관동반매수|개인매도,DART공시동반,직접반응,직접 반응형|누적 배경형,있음,상승지속,True,False,,변동성 장세,GS건설\GS건설_2026_Q1_events.jsonl,상승지속,0.7857142857142857,14,10,5.42,6.9,10.1,15.27,진입 후보,next_open,20.0,15.0,ok,,long,2026-02-10,2026-03-16,20500.0,22400.0,9.268292682926838,8.968292682926837
H01,009150_2026_Q1_2026-02-09_up,009150,삼성전기,2026_Q1,2026-02-09,up,7.042253521126751,205546766500.0,2055.467665,거래대금약함,외국인기관동반매수,외국인기관동반매수|개인매도,DART공시동반,직접반응,직접 반응형|누적 배경형,있음,상승지속,True,False,,변동성 장세,삼성전기\삼성전기_2026_Q1_events.jsonl,상승지속,0.7857142857142857,14,10,3.12,5.1,17.76,53.45,진입 후보,next_open,20.0,15.0,ok,,long,2026-02-10,2026-03-16,306500.0,413000.0,34.74714518760196,34.44714518760196
H02,322000_2026_Q1_2026-02-10_down,322000,HD현대에너지솔루션,2026_Q1,2026-02-10,down,-6.957547169811318,32931606100.0,329.316061,거래대금약함,외국인기관동반매수,외국인기관동반매수|개인매도,DART공시동반,직접반응,직접 반응형|누적 배경형,있음,하락후반등,True,True,B,변동성 장세,HD현대에너지솔루션\HD현대에너지솔루션_2026_Q1_events.jsonl,하락후반등,0.7692307692307693,13,11,5.45,3.17,9.38,31.81,반등 관찰 후보,next_open,20.0,15.0,ok,,long,2026-02-11,2026-03-17,78600.0,126000.0,60.30534351145038,60.005343511450384
H01,010170_2026_Q1_2026-03-05_up,010170,대한광통신,2026_Q1,2026-03-05,up,25.526315789473685,103186615770.0,1031.8661577,거래대금약함,외국인기관동반매수,외국인기관동반매수|개인매도,DART공시동반,직접반응,직접 반응형|선반영형|누적 배경형,있음,상승지속,True,False,,변동성 장세,대한광통신\대한광통신_2026_Q1_events.jsonl,상승지속,0.7857142857142857,14,10,-0.1,15.51,60.8,54.93,진입 후보,next_open,20.0,15.0,ok,,long,2026-03-06,2026-04-03,4770.0,12740.0,167.0859538784067,166.7859538784067
H01,298380_2026_Q1_2026-03-06_up,298380,에이비엘바이오,2026_Q1,2026-03-06,up,7.453416149068315,165955712900.0,1659.557129,거래대금약함,외국인기관동반매수,외국인기관동반매수|개인매도,DART공시동반,직접반응,직접 반응형|누적 배경형,있음,단기되돌림,True,False,,변동성 장세,에이비엘바이오\에이비엘바이오_2026_Q1_events.jsonl,상승지속,0.7857142857142857,14,10,-0.32,-4.15,-1.21,0.11,진입 후보,next_open,20.0,15.0,ok,,long,2026-03-09,2026-04-06,181200.0,154400.0,-14.790286975717438,-15.090286975717438
H02,010170_2026_Q1_2026-03-09_down,010170,대한광통신,2026_Q1,2026-03-09,down,-10.912906610703043,46722818452.0,467.22818452,거래대금약함,외국인기관동반매수,외국인기관동반매수|개인매도,DART공시동반,직접반응,직접 반응형|누적 배경형,있음,하락후반등,True,True,B,변동성 장세,대한광통신\대한광통신_2026_Q1_events.jsonl,하락후반등,0.7692307692307693,13,11,29.8,80.68,71.26,73.14,반등 관찰 후보,next_open,20.0,15.0,ok,,long,2026-03-10,2026-04-07,4610.0,12640.0,174.18655097613885,173.88655097613884
H02,006400_2026_Q1_2026-03-23_down,006400,삼성SDI,2026_Q1,2026-03-23,down,-5.992509363295884,175880932000.0,1758.80932,거래대금약함,외국인기관동반매수,외국인기관동반매수|개인매도,DART공시동반,직접반응,직접 반응형|누적 배경형,있음,하락후반등,True,True,B,변동성 장세,삼성SDI\삼성SDI_2026_Q1_events.jsonl,하락후반등,0.7692307692307693,13,11,5.58,5.31,9.56,,반등 관찰 후보,next_open,20.0,15.0,ok,,long,2026-03-24,2026-04-21,392000.0,645000.0,64.54081632653062,64.24081632653062
H02,298040_2026_Q1_2026-03-23_down,298040,효성중공업,2026_Q1,2026-03-23,down,-5.338208409506395,89684886000.0,896.84886,거래대금약함,외국인기관동반매수,외국인기관동반매수|개인매도,DART공시동반,직접반응,직접 반응형|누적 배경형,있음,하락지속,True,True,B,변동성 장세,효성중공업\효성중공업_2026_Q1_events.jsonl,하락후반등,0.7692307692307693,13,11,4.33,10.47,-3.32,,반등 관찰 후보,next_open,20.0,15.0,ok,,long,2026-03-24,2026-04-21,2693000.0,3002000.0,11.474192350538438,11.174192350538437
